date,nav_prev,flow_gbp,denom,nav,r_t_calc,r_port,diff_bp,cum_calc,cum_pipe
2025-01-01,,0.0,,0.0,0.0,,,,
2025-01-02,0.0,0.0,0.0,32093.24418116021,0.0,0.0,0.0,0.0,0.0
2025-01-03,32093.24418116021,0.0,32093.24418116021,32049.56775167908,-0.001360922854498181,-0.001360922854498181,0.0,-0.001360922854498181,-0.001360922854498181
2025-01-04,32049.56775167908,0.0,32049.56775167908,32049.56775167908,0.0,0.0,0.0,-0.001360922854498181,-0.001360922854498181
2025-01-05,32049.56775167908,0.0,32049.56775167908,32049.56775167908,0.0,0.0,0.0,-0.001360922854498181,-0.001360922854498181
2025-01-06,32049.56775167908,0.0,32049.56775167908,32161.660571495755,0.0034974830451748318,0.0034974830451748318,0.0,0.0021318003860673063,0.0021318003860673063
2025-01-07,32161.660571495755,0.0,32161.660571495755,32039.876382120143,-0.003786626287684558,-0.003786626287684558,0.0,-0.0016628982329992548,-0.0016628982329992548
2025-01-08,32039.876382120143,0.0,32039.876382120143,32120.24985765854,0.0025085451198323394,0.0025085451198323394,0.0,0.0008414754315859696,0.0008414754315859696
2025-01-09,32120.24985765854,0.0,32120.24985765854,32491.779804859925,0.011566844867266779,0.011566844867266779,0.0,0.012418053514629435,0.012418053514629435
2025-01-10,32491.779804859925,0.0,32491.779804859925,32356.275244144126,-0.004170425920944187,-0.004170425920944187,0.0,0.00819583902142007,0.00819583902142007
2025-01-11,32356.275244144126,0.0,32356.275244144126,32356.275244144126,0.0,0.0,0.0,0.00819583902142007,0.00819583902142007
2025-01-12,32356.275244144126,0.0,32356.275244144126,32356.275244144126,0.0,0.0,0.0,0.00819583902142007,0.00819583902142007
2025-01-13,32356.275244144126,0.0,32356.275244144126,32100.90960438654,-0.007892306448462505,-0.007892306448462505,0.0,0.00023884849979816103,0.00023884849979816103
2025-01-14,32100.90960438654,0.0,32100.90960438654,31217.7087960034,-0.027513264242906454,-0.027513264242906454,0.0,-0.02728098724499728,-0.02728098724499728
2025-01-15,31217.7087960034,0.0,31217.7087960034,31926.06339277857,0.022690793914569962,0.022690793914569962,0.0,-0.005209220589789565,-0.005209220589789565
2025-01-16,31926.06339277857,0.0,31926.06339277857,32436.017411799898,0.015972968942255417,0.015972968942255417,0.0,0.010680541633771856,0.010680541633771856
2025-01-17,32436.017411799898,0.0,32436.017411799898,32841.51051630193,0.012501322198529952,0.012501322198529952,0.0,0.023315384724520438,0.023315384724520438
2025-01-18,32841.51051630193,0.0,32841.51051630193,32841.51051630193,0.0,0.0,0.0,0.023315384724520438,0.023315384724520438
2025-01-19,32841.51051630193,0.0,32841.51051630193,32841.51051630193,0.0,0.0,0.0,0.023315384724520438,0.023315384724520438
2025-01-20,32841.51051630193,0.0,32841.51051630193,33042.58908487324,0.0061226954975621695,0.0061226954975621695,0.0,0.029580833223159297,0.029580833223159297
2025-01-21,33042.58908487324,0.0,33042.58908487324,33632.16941065732,0.017843042634149597,0.017843042634149597,0.0,0.0479516879256634,0.0479516879256634
2025-01-22,33632.16941065732,0.0,33632.16941065732,34102.205223098994,0.013975780351912936,0.013975780351912936,0.0,0.06259763053552891,0.06259763053552891
2025-01-23,34102.205223098994,0.0,34102.205223098994,34047.076045314825,-0.001616586887079885,-0.001616586887079885,0.0,0.060879849139763076,0.060879849139763076
2025-01-24,34047.076045314825,0.0,34047.076045314825,34022.22686652665,-0.0007298476601955706,-0.0007298476601955706,0.0,0.06010556846411985,0.06010556846411985
2025-01-25,34022.22686652665,0.0,34022.22686652665,34022.22686652665,0.0,0.0,0.0,0.06010556846411985,0.06010556846411985
2025-01-26,34022.22686652665,0.0,34022.22686652665,34022.22686652665,0.0,0.0,0.0,0.06010556846411985,0.06010556846411985
2025-01-27,34022.22686652665,0.0,34022.22686652665,33735.18776388599,-0.008436811140163036,-0.008436811140163036,0.0,0.051161657994352794,0.051161657994352794
2025-01-28,33735.18776388599,0.0,33735.18776388599,34156.06221352217,0.01247582946868131,0.01247582946868131,0.0,0.06427577158350672,0.06427577158350672
2025-01-29,34156.06221352217,0.0,34156.06221352217,34282.244382930774,0.0036942832759758737,0.0036942832759758737,0.0,0.06820750776749396,0.06820750776749396
2025-01-30,34282.244382930774,0.0,34282.244382930774,34763.16017348228,0.014028130281661388,0.014028130281661388,0.0,0.08319246185430518,0.08319246185430518
2025-01-31,34763.16017348228,0.0,34763.16017348228,34729.74297093982,-0.0009612820691702328,-0.0009612820691702328,0.0,0.08215120836326428,0.08215120836326428
2025-02-01,34729.74297093982,0.0,34729.74297093982,34729.74297093982,0.0,0.0,0.0,0.08215120836326428,0.08215120836326428
2025-02-02,34729.74297093982,0.0,34729.74297093982,34729.74297093982,0.0,0.0,0.0,0.08215120836326428,0.08215120836326428
2025-02-03,34729.74297093982,0.0,34729.74297093982,34883.294561502764,0.004421328159307958,0.004421328159307958,0.0,0.0869357539734299,0.0869357539734299
2025-02-04,34883.294561502764,0.0,34883.294561502764,34962.6289327331,0.002274279772814136,0.002274279772814136,0.0,0.08940774997304013,0.08940774997304013
2025-02-05,34962.6289327331,0.0,34962.6289327331,34452.97585035047,-0.014577081241893719,-0.014577081241893719,0.0,0.07352736469613452,0.07352736469613452
2025-02-06,34452.97585035047,0.0,34452.97585035047,34414.50194116114,-0.0011167078674551023,-0.0011167078674551023,0.0,0.07232854824204993,0.07232854824204993
2025-02-07,34414.50194116114,0.0,34414.50194116114,33764.25115135631,-0.01889467384757093,-0.01889467384757093,0.0,0.05206725006557722,0.05206725006557722
2025-02-08,33764.25115135631,0.0,33764.25115135631,33764.25115135631,0.0,0.0,0.0,0.05206725006557722,0.05206725006557722
2025-02-09,33764.25115135631,0.0,33764.25115135631,33764.25115135631,0.0,0.0,0.0,0.05206725006557722,0.05206725006557722
2025-02-10,33764.25115135631,0.0,33764.25115135631,34153.41172756087,0.011525816890179508,0.011525816890179508,0.0,0.06419318454598777,0.06419318454598777
2025-02-11,34153.41172756087,0.0,34153.41172756087,34307.098165716445,0.004499885381335167,0.004499885381335167,0.0,0.06898193190004287,0.06898193190004287
2025-02-12,34307.098165716445,0.0,34307.098165716445,33913.58819819297,-0.01147022011662635,-0.01147022011662635,0.0,0.05672047384045298,0.05672047384045298
2025-02-13,33913.58819819297,0.0,33913.58819819297,34094.88892550253,0.005345961219143991,0.005345961219143991,0.0,0.06236966051307946,0.06236966051307946
2025-02-14,34094.88892550253,0.0,34094.88892550253,34078.3341250015,-0.000485550797282297,-0.000485550797282297,0.0,0.06185382607740886,0.06185382607740886
2025-02-15,34078.3341250015,0.0,34078.3341250015,34078.3341250015,0.0,0.0,0.0,0.06185382607740886,0.06185382607740886
2025-02-16,34078.3341250015,0.0,34078.3341250015,34078.3341250015,0.0,0.0,0.0,0.06185382607740886,0.06185382607740886
2025-02-17,34078.3341250015,0.0,34078.3341250015,34121.75479542167,0.0012741429865938958,0.0012741429865938958,0.0,0.06320677968269339,0.06320677968269339
2025-02-18,34121.75479542167,0.0,34121.75479542167,33810.51656602951,-0.00912140161777153,-0.00912140161777153,0.0,0.053508843642469994,0.053508843642469994
2025-02-19,33810.51656602951,0.0,33810.51656602951,33704.373452958986,-0.0031393520079243675,-0.0031393520079243675,0.0,0.050201508538815,0.050201508538815
2025-02-20,33704.373452958986,0.0,33704.373452958986,33463.552282221564,-0.0071451015421940545,-0.0071451015421940545,0.0,0.042697712120539855,0.042697712120539855
2025-02-21,33463.552282221564,0.0,33463.552282221564,33362.09102790728,-0.0030319929414125424,-0.0030319929414125424,0.0,0.039536260017363434,0.039536260017363434
2025-02-22,33362.09102790728,0.0,33362.09102790728,33362.09102790728,0.0,0.0,0.0,0.039536260017363434,0.039536260017363434
2025-02-23,33362.09102790728,0.0,33362.09102790728,33362.09102790728,0.0,0.0,0.0,0.039536260017363434,0.039536260017363434
2025-02-24,33362.09102790728,0.0,33362.09102790728,33115.68570165649,-0.007385787840596403,-0.007385787840596403,0.0,0.03185846574826812,0.03185846574826812
2025-02-25,33115.68570165649,0.0,33115.68570165649,33005.83008922969,-0.0033173286344273523,-0.0033173286344273523,0.0,0.028435452113165116,0.028435452113165116
2025-02-26,33005.83008922969,0.0,33005.83008922969,33170.82941457618,0.004999096368745404,0.004999096368745404,0.0,0.03357670004731306,0.03357670004731306
2025-02-27,33170.82941457618,0.0,33170.82941457618,32938.20978664002,-0.007012776950157895,-0.007012776950157895,0.0,0.02632845718900101,0.02632845718900101
2025-02-28,32938.20978664002,0.0,32938.20978664002,33871.653216864346,0.028339227792608668,0.028339227792608668,0.0,0.05541381312731675,0.05541381312731675
2025-03-01,33871.653216864346,0.0,33871.653216864346,33871.653216864346,0.0,0.0,0.0,0.05541381312731675,0.05541381312731675
2025-03-02,33871.653216864346,0.0,33871.653216864346,33871.653216864346,0.0,0.0,0.0,0.05541381312731675,0.05541381312731675
2025-03-03,33871.653216864346,0.0,33871.653216864346,33501.17619781342,-0.010937671588656661,-0.010937671588656661,0.0,0.043870043449198315,0.043870043449198315
2025-03-04,33501.17619781342,0.0,33501.17619781342,32928.874810866524,-0.0170830236994558,-0.0170830236994558,0.0,0.026037586757803766,0.026037586757803766
2025-03-05,32928.874810866524,0.0,32928.874810866524,33442.74415083701,0.01560543270676562,0.01560543270676562,0.0,0.04204934727256493,0.04204934727256493
2025-03-06,33442.74415083701,0.0,33442.74415083701,33400.12183085985,-0.00127448632160454,-0.00127448632160454,0.0,0.04072126963302902,0.04072126963302902
2025-03-07,33400.12183085985,0.0,33400.12183085985,33414.862381196894,0.00044133223260955923,0.00044133223260955923,0.0,0.04118057347448034,0.04118057347448034
2025-03-08,33414.862381196894,0.0,33414.862381196894,33414.862381196894,0.0,0.0,0.0,0.04118057347448034,0.04118057347448034
2025-03-09,33414.862381196894,0.0,33414.862381196894,33414.862381196894,0.0,0.0,0.0,0.04118057347448034,0.04118057347448034
2025-03-10,33414.862381196894,0.0,33414.862381196894,32809.840118448024,-0.01810638199992487,-0.01810638199992487,0.0,0.022328560280250542,0.022328560280250542
2025-03-11,32809.840118448024,0.0,32809.840118448024,32382.32330752867,-0.013030140024333003,-0.013030140024333003,0.0,0.00900747598892404,0.00900747598892404
2025-03-12,32382.32330752867,0.0,32382.32330752867,32976.39014315145,0.018345404990897096,0.018345404990897096,0.0,0.027518126774783713,0.027518126774783713
2025-03-13,32976.39014315145,0.0,32976.39014315145,32685.862549014622,-0.008810169726754302,-0.008810169726754302,0.0,0.018465517680581245,0.018465517680581245
2025-03-14,32685.862549014622,0.0,32685.862549014622,33433.39410016575,0.022870179730767548,0.022870179730767548,0.0,0.041758007119525375,0.041758007119525375
2025-03-15,33433.39410016575,0.0,33433.39410016575,33433.39410016575,0.0,0.0,0.0,0.041758007119525375,0.041758007119525375
2025-03-16,33433.39410016575,0.0,33433.39410016575,33433.39410016575,0.0,0.0,0.0,0.041758007119525375,0.041758007119525375
2025-03-17,33433.39410016575,0.0,33433.39410016575,33077.30083590673,-0.010650826033162253,-0.010650826033162253,0.0,0.03066242381704143,0.03066242381704143
2025-03-18,33077.30083590673,0.0,33077.30083590673,32356.70659511448,-0.021785158479739608,-0.021785158479739608,0.0,0.008209279575074557,0.008209279575074557
2025-03-19,32356.70659511448,0.0,32356.70659511448,33040.61357346039,0.021136482983381555,0.021136482983381555,0.0,0.029519277856500548,0.029519277856500548
2025-03-20,33040.61357346039,0.0,33040.61357346039,32993.17815722809,-0.0014356699559114894,-0.0014356699559114894,0.0,0.028041227960250215,0.028041227960250215
2025-03-21,32993.17815722809,0.0,32993.17815722809,32909.66108630035,-0.0025313436168452608,-0.0025313436168452608,0.0,0.025438902359999238,0.025438902359999238
2025-03-22,32909.66108630035,0.0,32909.66108630035,32909.66108630035,0.0,0.0,0.0,0.025438902359999238,0.025438902359999238
2025-03-23,32909.66108630035,0.0,32909.66108630035,32909.66108630035,0.0,0.0,0.0,0.025438902359999238,0.025438902359999238
2025-03-24,32909.66108630035,0.0,32909.66108630035,33238.83536409027,0.010002360003851463,0.010002360003851463,0.0,0.035695711423358256,0.035695711423358256
2025-03-25,33238.83536409027,0.0,33238.83536409027,33171.640754187014,-0.002021569322968819,-0.002021569322968819,0.0,0.033601980745214366,0.033601980745214366
2025-03-26,33171.640754187014,0.0,33171.640754187014,32805.38790149765,-0.011041143710780577,-0.011041143710780577,0.0,0.022189832736059012,0.022189832736059012
2025-03-27,32805.38790149765,0.0,32805.38790149765,32434.787412944643,-0.01129693968764467,-0.01129693968764467,0.0,0.010642215846316194,0.010642215846316194
2025-03-28,32434.787412944643,0.0,32434.787412944643,32103.19713474655,-0.010223291245181843,-0.010223291245181843,0.0,0.00031012612904346426,0.00031012612904346426
2025-03-29,32103.19713474655,0.0,32103.19713474655,32103.19713474655,0.0,0.0,0.0,0.00031012612904346426,0.00031012612904346426
2025-03-30,32103.19713474655,0.0,32103.19713474655,32103.19713474655,0.0,0.0,0.0,0.00031012612904346426,0.00031012612904346426
2025-03-31,32103.19713474655,0.0,32103.19713474655,32819.397762896115,0.022309324057147917,0.022309324057147917,0.0,0.022626368890502846,0.022626368890502846
2025-04-01,32819.397762896115,0.0,32819.397762896115,33231.29470612427,0.012550411381826887,0.012550411381826887,0.0,0.03546075050998243,0.03546075050998243
2025-04-02,33231.29470612427,0.0,33231.29470612427,33047.6361880249,-0.005526673568499785,-0.005526673568499785,0.0,0.029738096948920045,0.029738096948920045
2025-04-03,33047.6361880249,0.0,33047.6361880249,32064.303048345333,-0.029755021935151005,-0.029755021935151005,0.0,-0.0009017827132556944,-0.0009017827132556944
2025-04-04,32064.303048345333,0.0,32064.303048345333,30839.550241321103,-0.03819676994624188,-0.03819676994624188,0.0,-0.03906410747265787,-0.03906410747265787
2025-04-05,30839.550241321103,0.0,30839.550241321103,30839.550241321103,0.0,0.0,0.0,-0.03906410747265787,-0.03906410747265787
2025-04-06,30839.550241321103,0.0,30839.550241321103,30839.550241321103,0.0,0.0,0.0,-0.03906410747265787,-0.03906410747265787
2025-04-07,30839.550241321103,0.0,30839.550241321103,29856.20551043976,-0.031885832419299875,-0.031885832419299875,0.0,-0.06970434830747507,-0.06970434830747507
2025-04-08,29856.20551043976,0.0,29856.20551043976,30775.897497059326,0.030804047965773185,0.030804047965773185,0.0,-0.04104747643038831,-0.04104747643038831
2025-04-09,30775.897497059326,0.0,30775.897497059326,31531.287222570187,0.02454484797991796,0.02454484797991796,0.0,-0.01751013251941347,-0.01751013251941347
2025-04-10,31531.287222570187,0.0,31531.287222570187,31906.428351701663,0.01189742513470704,0.01189742513470704,0.0,-0.00582103287545499,-0.00582103287545499
2025-04-11,31906.428351701663,0.0,31906.428351701663,32244.104419587708,0.010583323967316982,0.010583323967316982,0.0,0.0047006852151165734,0.0047006852151165734
2025-04-12,32244.104419587708,0.0,32244.104419587708,32244.104419587708,0.0,0.0,0.0,0.0047006852151165734,0.0047006852151165734
2025-04-13,32244.104419587708,0.0,32244.104419587708,32244.104419587708,0.0,0.0,0.0,0.0047006852151165734,0.0047006852151165734
2025-04-14,32244.104419587708,0.0,32244.104419587708,32674.72282851074,0.013354950204833127,0.013354950204833127,0.0,0.01811841283692628,0.01811841283692628
2025-04-15,32674.72282851074,0.0,32674.72282851074,33077.19462601013,0.012317527515435023,0.012317527515435023,0.0,0.030659114401016208,0.030659114401016208
2025-04-16,33077.19462601013,0.0,33077.19462601013,32897.85597829956,-0.005421821582461295,-0.005421821582461295,0.0,0.02507106457039643,0.02507106457039643
2025-04-17,32897.85597829956,0.0,32897.85597829956,32880.30337602539,-0.000533548517135829,-0.000533548517135829,0.0,0.024524139423935942,0.024524139423935942
2025-04-18,32880.30337602539,0.0,32880.30337602539,32880.30337602539,0.0,0.0,0.0,0.024524139423935942,0.024524139423935942
2025-04-19,32880.30337602539,0.0,32880.30337602539,32880.30337602539,0.0,0.0,0.0,0.024524139423935942,0.024524139423935942
2025-04-20,32880.30337602539,0.0,32880.30337602539,32880.30337602539,0.0,0.0,0.0,0.024524139423935942,0.024524139423935942
2025-04-21,32880.30337602539,0.0,32880.30337602539,32880.30337602539,0.0,0.0,0.0,0.024524139423935942,0.024524139423935942
2025-04-22,32880.30337602539,0.0,32880.30337602539,32985.20694358826,0.0031904683592232086,0.0031904683592232086,0.0,0.02779285127402842,0.02779285127402842
2025-04-23,32985.20694358826,0.0,32985.20694358826,33466.118126721194,0.014579601818336174,0.014579601818336174,0.0,0.04277766179733611,0.04277766179733611
2025-04-24,33466.118126721194,0.0,33466.118126721194,33662.50851475342,0.0058683348719617,0.0058683348719617,0.0,0.048897030313764134,0.048897030313764134
2025-04-25,33662.50851475342,0.0,33662.50851475342,34237.652944059446,0.017085608134460806,0.017085608134460806,0.0,0.0668180739471047,0.0668180739471047
2025-04-26,34237.652944059446,0.0,34237.652944059446,34237.652944059446,0.0,0.0,0.0,0.0668180739471047,0.0668180739471047
2025-04-27,34237.652944059446,0.0,34237.652944059446,34237.652944059446,0.0,0.0,0.0,0.0668180739471047,0.0668180739471047
2025-04-28,34237.652944059446,0.0,34237.652944059446,34178.42038305664,-0.0017300415159761107,-0.0017300415159761107,0.0,0.06497243438918243,0.06497243438918243
2025-04-29,34178.42038305664,0.0,34178.42038305664,34282.76644205017,0.0030529807353312233,0.0030529807353312233,0.0,0.06822377471503138,0.06822377471503138
2025-04-30,34282.76644205017,0.0,34282.76644205017,34750.55836072601,0.013645104150698417,0.013645104150698417,0.0,0.08279979937727022,0.08279979937727022
2025-05-01,34750.55836072601,0.0,34750.55836072601,34527.16567517914,-0.006428463198431489,-0.006428463198431489,0.0,0.07583906071570445,0.07583906071570445
2025-05-02,34527.16567517914,0.0,34527.16567517914,35275.44866053223,0.021672296892038867,0.021672296892038867,0.0,0.09915496424758752,0.09915496424758752
2025-05-03,35275.44866053223,0.0,35275.44866053223,35275.44866053223,0.0,0.0,0.0,0.09915496424758752,0.09915496424758752
2025-05-04,35275.44866053223,0.0,35275.44866053223,35275.44866053223,0.0,0.0,0.0,0.09915496424758752,0.09915496424758752
2025-05-05,35275.44866053223,0.0,35275.44866053223,35269.024615288086,-0.0001821109436754842,-0.0001821109436754842,0.0,0.09895479609980273,0.09895479609980273
2025-05-06,35269.024615288086,0.0,35269.024615288086,35302.81028793274,0.0009579417920735356,0.0009579417920735356,0.0,0.10000753082658642,0.10000753082658642
2025-05-07,35302.81028793274,0.0,35302.81028793274,34714.897737931526,-0.01665342065422415,-0.01665342065422415,0.0,0.08168864269291687,0.08168864269291687
2025-05-08,34714.897737931526,0.0,34714.897737931526,34837.22882980804,0.0035238787911751057,0.0035238787911751057,0.0,0.08550038235955748,0.08550038235955748
2025-05-09,34837.22882980804,0.0,34837.22882980804,35277.14041145295,0.012627628442952066,0.012627628442952066,0.0,0.09920767786267648,0.09920767786267648
2025-05-10,35277.14041145295,0.0,35277.14041145295,35277.14041145295,0.0,0.0,0.0,0.09920767786267648,0.09920767786267648
2025-05-11,35277.14041145295,0.0,35277.14041145295,35277.14041145295,0.0,0.0,0.0,0.09920767786267648,0.09920767786267648
2025-05-12,35277.14041145295,0.0,35277.14041145295,35563.92812189331,0.00812956229148476,0.00812956229148476,0.0,0.1081437551511395,0.1081437551511395
2025-05-13,35563.92812189331,0.0,35563.92812189331,35731.651352519526,0.004716105320293984,0.004716105320293984,0.0,0.11336987781045837,0.11336987781045837
2025-05-14,35731.651352519526,0.0,35731.651352519526,35876.05635241699,0.004041374927590269,0.004041374927590269,0.0,0.11786942291977587,0.11786942291977587
2025-05-15,35876.05635241699,0.0,35876.05635241699,35727.12601935425,-0.004151245934050696,-0.004151245934050696,0.0,0.11322887202308052,0.11322887202308052
2025-05-16,35727.12601935425,0.0,35727.12601935425,35976.06041678741,0.006967658056187043,0.006967658056187043,0.0,0.1209854701416122,0.1209854701416122
2025-05-17,35976.06041678741,0.0,35976.06041678741,35976.06041678741,0.0,0.0,0.0,0.1209854701416122,0.1209854701416122
2025-05-18,35976.06041678741,0.0,35976.06041678741,35976.06041678741,0.0,0.0,0.0,0.1209854701416122,0.1209854701416122
2025-05-19,35976.06041678741,0.0,35976.06041678741,36183.52529385925,0.005766748072699723,0.005766748072699723,0.0,0.12744991094107583,0.12744991094107583
2025-05-20,36183.52529385925,0.0,36183.52529385925,36321.22068123962,0.003805471862182941,0.003805471862182941,0.0,0.13174038985318282,0.13174038985318282
2025-05-21,36321.22068123962,0.0,36321.22068123962,36646.77145680847,0.008963101169587206,0.008963101169587206,0.0,0.14188429346514497,0.14188429346514497
2025-05-22,36646.77145680847,0.0,36646.77145680847,36465.85389312866,-0.004936794060918515,-0.004936794060918515,0.0,0.13624704586691005,0.13624704586691005
2025-05-23,36465.85389312866,0.0,36465.85389312866,35724.84277522888,-0.020320684662190613,-0.020320684662190613,0.0,0.11315772794950285,0.11315772794950285
2025-05-24,35724.84277522888,0.0,35724.84277522888,35724.84277522888,0.0,0.0,0.0,0.11315772794950285,0.11315772794950285
2025-05-25,35724.84277522888,0.0,35724.84277522888,35724.84277522888,0.0,0.0,0.0,0.11315772794950285,0.11315772794950285
2025-05-26,35724.84277522888,0.0,35724.84277522888,35724.84277522888,0.0,0.0,0.0,0.11315772794950285,0.11315772794950285
2025-05-27,35724.84277522888,0.0,35724.84277522888,35875.975447718505,0.004230464314161297,0.004230464314161297,0.0,0.11786690199362604,0.11786690199362604
2025-05-28,35875.975447718505,0.0,35875.975447718505,35754.52524454636,-0.0033852794706342726,-0.0033852794706342726,0.0,0.11408261011940546,0.11408261011940546
2025-05-29,35754.52524454636,0.0,35754.52524454636,35950.61422660339,0.005484312285392257,0.005484312285392257,0.0,0.12019258706502511,0.12019258706502511
2025-05-30,35950.61422660339,0.0,35950.61422660339,35869.51224994842,-0.0022559274271024554,-0.0022559274271024554,0.0,0.11766551388422819,0.11766551388422819
2025-05-31,35869.51224994842,0.0,35869.51224994842,35869.51224994842,0.0,0.0,0.0,0.11766551388422819,0.11766551388422819
2025-06-01,35869.51224994842,0.0,35869.51224994842,35869.51224994842,0.0,0.0,0.0,0.11766551388422819,0.11766551388422819
2025-06-02,35869.51224994842,0.0,35869.51224994842,35856.45954639023,-0.0003638940910942745,-0.0003638940910942745,0.0,0.11725880200790595,0.11725880200790595
2025-06-03,35856.45954639023,0.0,35856.45954639023,35612.27485488464,-0.006810061411380186,-0.006810061411380186,0.0,0.10965020095382716,0.10965020095382716
2025-06-04,35612.27485488464,0.0,35612.27485488464,36362.70189567261,0.021072145597153202,0.021072145597153202,0.0,0.13303291155023644,0.13303291155023644
2025-06-05,36362.70189567261,0.0,36362.70189567261,36521.793788242496,0.004375139477432954,0.004375139477432954,0.0,0.13799008857079076,0.13799008857079076
2025-06-06,36521.793788242496,0.0,36521.793788242496,36948.85807941071,0.011693409519926146,0.011693409519926146,0.0,0.15129707270606607,0.15129707270606607
2025-06-07,36948.85807941071,0.0,36948.85807941071,36948.85807941071,0.0,0.0,0.0,0.15129707270606607,0.15129707270606607
2025-06-08,36948.85807941071,0.0,36948.85807941071,36948.85807941071,0.0,0.0,0.0,0.15129707270606607,0.15129707270606607
2025-06-09,36948.85807941071,0.0,36948.85807941071,37026.78937870789,0.00210916665217864,0.00210916665217864,0.0,0.1537253500985687,0.1537253500985687
2025-06-10,37026.78937870789,0.0,37026.78937870789,37268.23565692246,0.006520853745785926,0.006520853745785926,0.0,0.16124862436936716,0.16124862436936716
2025-06-11,37268.23565692246,0.0,37268.23565692246,37542.04272867188,0.007346928743018122,0.007346928743018122,0.0,0.16978023526553665,0.16978023526553665
2025-06-12,37542.04272867188,0.0,37542.04272867188,37670.05822988586,0.003409923699122741,0.003409923699122741,0.0,0.17376909661253404,0.17376909661253404
2025-06-13,37670.05822988586,0.0,37670.05822988586,37358.2077016217,-0.008278472158472772,-0.008278472158472772,0.0,0.16405208182575137,0.16405208182575137
2025-06-14,37358.2077016217,0.0,37358.2077016217,37358.2077016217,0.0,0.0,0.0,0.16405208182575137,0.16405208182575137
2025-06-15,37358.2077016217,0.0,37358.2077016217,37358.2077016217,0.0,0.0,0.0,0.16405208182575137,0.16405208182575137
2025-06-16,37358.2077016217,0.0,37358.2077016217,37316.80968990982,-0.001108136986723962,-0.001108136986723962,0.0,0.1627621526594072,0.1627621526594072
2025-06-17,37316.80968990982,0.0,37316.80968990982,37255.281367600255,-0.001648809821119257,-0.001648809821119257,0.0,0.16084497900247663,0.16084497900247663
2025-06-18,37255.281367600255,0.0,37255.281367600255,37212.56568119446,-0.0011465672741622912,-0.0011465672741622912,0.0,0.15951399213917683,0.15951399213917683
2025-06-19,37212.56568119446,0.0,37212.56568119446,36853.22849369446,-0.009656340027142662,-0.009656340027142662,0.0,0.14831733076485132,0.14831733076485132
2025-06-20,36853.22849369446,0.0,36853.22849369446,36481.117069387205,-0.01009711874689423,-0.01009711874689423,0.0,0.13672263431700205,0.13672263431700205
2025-06-21,36481.117069387205,0.0,36481.117069387205,36481.117069387205,0.0,0.0,0.0,0.13672263431700205,0.13672263431700205
2025-06-22,36481.117069387205,0.0,36481.117069387205,36481.117069387205,0.0,0.0,0.0,0.13672263431700205,0.13672263431700205
2025-06-23,36481.117069387205,0.0,36481.117069387205,36458.44754429656,-0.0006214043568765204,-0.0006214043568765204,0.0,0.13601626991947735,0.13601626991947735
2025-06-24,36458.44754429656,0.0,36458.44754429656,36035.31347935913,-0.011605926566766955,-0.011605926566766955,0.0,0.1228317485121393,0.1228317485121393
2025-06-25,36035.31347935913,0.0,36035.31347935913,36341.14146358291,0.008486896732533111,0.008486896732533111,0.0,0.13236110560977132,0.13236110560977132
2025-06-26,36341.14146358291,0.0,36341.14146358291,36385.12587230835,0.0012103199556765531,0.0012103199556765531,0.0,0.13373162485292278,0.13373162485292278
2025-06-27,36385.12587230835,0.0,36385.12587230835,36881.74891938767,0.013649067721304142,0.013649067721304142,0.0,0.14920600457832456,0.14920600457832456
2025-06-28,36881.74891938767,0.0,36881.74891938767,36881.74891938767,0.0,0.0,0.0,0.14920600457832456,0.14920600457832456
2025-06-29,36881.74891938767,0.0,36881.74891938767,36881.74891938767,0.0,0.0,0.0,0.14920600457832456,0.14920600457832456
2025-06-30,36881.74891938767,0.0,36881.74891938767,36904.37190110092,0.00061339232482438,0.00061339232482438,0.0,0.1499109187211749,0.1499109187211749
2025-07-01,36904.37190110092,0.0,36904.37190110092,36848.25682989991,-0.001520553482156406,-0.001520553482156406,0.0,0.14816241766954374,0.14816241766954374
2025-07-02,36848.25682989991,0.0,36848.25682989991,36460.20147988266,-0.010531172527607158,-0.010531172527607158,0.0,0.13607092115935115,0.13607092115935115
2025-07-03,36460.20147988266,0.0,36460.20147988266,36798.85613173279,0.009288337367992616,0.009288337367992616,0.0,0.14662313114904535,0.14662313114904535
2025-07-04,36798.85613173279,0.0,36798.85613173279,36784.6067616156,-0.0003872231806929527,-0.0003872231806929527,0.0,0.1461791320931458,0.1461791320931458
2025-07-05,36784.6067616156,0.0,36784.6067616156,36784.6067616156,0.0,0.0,0.0,0.1461791320931458,0.1461791320931458
2025-07-06,36784.6067616156,0.0,36784.6067616156,36784.6067616156,0.0,0.0,0.0,0.1461791320931458,0.1461791320931458
2025-07-07,36784.6067616156,0.0,36784.6067616156,36857.60817104065,0.0019845640840512324,0.0019845640840512324,0.0,0.14845379803258685,0.14845379803258685
2025-07-08,36857.60817104065,0.0,36857.60817104065,36645.57071570313,-0.005752881585629366,-0.005752881585629366,0.0,0.1418468793259391,0.1418468793259391
2025-07-09,36645.57071570313,0.0,36645.57071570313,36965.2802231781,0.008724369718656755,0.008724369718656755,0.0,0.15180877366327294,0.15180877366327294
2025-07-10,36965.2802231781,0.0,36965.2802231781,37032.51382009705,0.0018188309817488424,0.0018188309817488424,0.0,0.15390371914586187,0.15390371914586187
2025-07-11,37032.51382009705,0.0,37032.51382009705,37127.09005471008,0.0025538702306973082,0.0025538702306973082,0.0,0.15685063950327938,0.15685063950327938
2025-07-12,37127.09005471008,0.0,37127.09005471008,37127.09005471008,0.0,0.0,0.0,0.15685063950327938,0.15685063950327938
2025-07-13,37127.09005471008,0.0,37127.09005471008,37127.09005471008,0.0,0.0,0.0,0.15685063950327938,0.15685063950327938
2025-07-14,37127.09005471008,0.0,37127.09005471008,37283.36684356994,0.004209238823445816,0.004209238823445816,0.0,0.16172010012800464,0.16172010012800464
2025-07-15,37283.36684356994,0.0,37283.36684356994,37275.17238973694,-0.0002197884613635015,-0.0002197884613635015,0.0,0.16146476745466254,0.16146476745466254
2025-07-16,37275.17238973694,0.0,37275.17238973694,37585.25200625702,0.0083186635135577,0.0083186635135577,0.0,0.17112660203797048,0.17112660203797048
2025-07-17,37585.25200625702,0.0,37585.25200625702,37731.44450495361,0.003889624011893078,0.003889624011893078,0.0,0.17568184419022415,0.17568184419022415
2025-07-18,37731.44450495361,0.0,37731.44450495361,37714.744031463626,-0.0004426142096889407,-0.0004426142096889407,0.0,0.17516147069991228,0.17516147069991228
2025-07-19,37714.744031463626,0.0,37714.744031463626,37714.744031463626,0.0,0.0,0.0,0.17516147069991228,0.17516147069991228
2025-07-20,37714.744031463626,0.0,37714.744031463626,37714.744031463626,0.0,0.0,0.0,0.17516147069991228,0.17516147069991228
2025-07-21,37714.744031463626,0.0,37714.744031463626,37889.899424729,0.004644215352999748,0.004644215352999748,0.0,0.1806191736443905,0.1806191736443905
2025-07-22,37889.899424729,0.0,37889.899424729,37507.96584706665,-0.01008008950831596,-0.01008008950831596,0.0,0.1687184266988211,0.1687184266988211
2025-07-23,37507.96584706665,0.0,37507.96584706665,37313.43854755005,-0.0051862929679991066,-0.0051862929679991066,0.0,0.16265711054086207,0.16265711054086207
2025-07-24,37313.43854755005,0.0,37313.43854755005,37198.30591041993,-0.003085554202768237,-0.003085554202768237,0.0,0.15906966900705433,0.15906966900705433
2025-07-25,37198.30591041993,0.0,37198.30591041993,37324.751038071445,0.0033992173717809493,0.0033992173717809493,0.0,0.1630095987610476,0.1630095987610476
2025-07-26,37324.751038071445,0.0,37324.751038071445,37324.751038071445,0.0,0.0,0.0,0.1630095987610476,0.1630095987610476
2025-07-27,37324.751038071445,0.0,37324.751038071445,37324.751038071445,0.0,0.0,0.0,0.1630095987610476,0.1630095987610476
2025-07-28,37324.751038071445,0.0,37324.751038071445,36902.44485465455,-0.011314373751244444,-0.011314373751244444,0.0,0.1498508734843802,0.1498508734843802
2025-07-29,36902.44485465455,0.0,36902.44485465455,38096.81226820801,0.0323655361659001,0.0323655361659001,0.0,0.18706641351553066,0.18706641351553066
2025-07-30,38096.81226820801,0.0,38096.81226820801,38163.21477158295,0.001742993689536565,0.001742993689536565,0.0,0.18913546278334903,0.18913546278334903
2025-07-31,38163.21477158295,0.0,38163.21477158295,38047.229121628414,-0.0030392001996880635,-0.0030392001996880635,0.0,0.18552144204740162,0.18552144204740162
2025-08-01,38047.229121628414,0.0,38047.229121628414,37957.48261912476,-0.0023588183574880794,-0.0023588183574880794,0.0,0.18272501230670457,0.18272501230670457
2025-08-02,37957.48261912476,0.0,37957.48261912476,37957.48261912476,0.0,0.0,0.0,0.18272501230670457,0.18272501230670457
2025-08-03,37957.48261912476,0.0,37957.48261912476,37957.48261912476,0.0,0.0,0.0,0.18272501230670457,0.18272501230670457
2025-08-04,37957.48261912476,0.0,37957.48261912476,38350.31776702789,0.010349346711027607,0.010349346711027607,0.0,0.19496544352287115,0.19496544352287115
2025-08-05,38350.31776702789,0.0,38350.31776702789,38029.91005315093,-0.008354760339233214,-0.008354760339233214,0.0,0.18498179362857203,0.18498179362857203
2025-08-06,38029.91005315093,0.0,38029.91005315093,38087.80149487396,0.0015222608110856406,0.0015222608110856406,0.0,0.18678564497486283,0.18678564497486283
2025-08-07,38087.80149487396,0.0,38087.80149487396,37778.05813936187,-0.00813235060453077,-0.00813235060453077,0.0,0.17713428801750308,0.17713428801750308
2025-08-08,37778.05813936187,0.0,37778.05813936187,37816.32863875396,0.0010130351128931903,0.0010130351128931903,0.0,0.17832676638385525,0.17832676638385525
2025-08-09,37816.32863875396,0.0,37816.32863875396,37816.32863875396,0.0,0.0,0.0,0.17832676638385525,0.17832676638385525
2025-08-10,37816.32863875396,0.0,37816.32863875396,37816.32863875396,0.0,0.0,0.0,0.17832676638385525,0.17832676638385525
2025-08-11,37816.32863875396,0.0,37816.32863875396,37566.54975439498,-0.00660505377835674,-0.00660505377835674,0.0,0.1705438547234126,0.1705438547234126
2025-08-12,37566.54975439498,0.0,37566.54975439498,37277.312458641056,-0.007699330858035203,-0.007699330858035203,0.0,0.16153145030205707,0.16153145030205707
2025-08-13,37277.312458641056,0.0,37277.312458641056,37106.549981323245,-0.004580868792707915,-0.004580868792707915,0.0,0.15621062712961953,0.15621062712961953
2025-08-14,37106.549981323245,0.0,37106.549981323245,37474.16534442856,0.009907020816819267,0.009907020816819267,0.0,0.16766522988122023,0.16766522988122023
2025-08-15,37474.16534442856,0.0,37474.16534442856,37739.26172088501,0.007074110230873121,0.007074110230873121,0.0,0.17592542243015785,0.17592542243015785
2025-08-16,37739.26172088501,0.0,37739.26172088501,37739.26172088501,0.0,0.0,0.0,0.17592542243015785,0.17592542243015785
2025-08-17,37739.26172088501,0.0,37739.26172088501,37739.26172088501,0.0,0.0,0.0,0.17592542243015785,0.17592542243015785
2025-08-18,37739.26172088501,0.0,37739.26172088501,37732.74971462677,-0.00017255256094850235,-0.00017255256094850235,0.0,0.17572251348703305,0.17572251348703305
2025-08-19,37732.74971462677,0.0,37732.74971462677,37543.10911210938,-0.005025888755832764,-0.005025888755832764,0.0,0.1698134629265191,0.1698134629265191
2025-08-20,37543.10911210938,0.0,37543.10911210938,37824.27398965454,0.0074891207519749425,0.0074891207519749425,0.0,0.1785743372076618,0.1785743372076618
2025-08-21,37824.27398965454,0.0,37824.27398965454,37812.16986245636,-0.00032000950504673664,-0.00032000950504673664,0.0,0.17819718221735115,0.17819718221735115
2025-08-22,37812.16986245636,0.0,37812.16986245636,38372.71608635299,0.014824492377339071,0.014824492377339071,0.0,0.19566335736413465,0.19566335736413465
2025-08-23,38372.71608635299,0.0,38372.71608635299,38372.71608635299,0.0,0.0,0.0,0.19566335736413465,0.19566335736413465
2025-08-24,38372.71608635299,0.0,38372.71608635299,38372.71608635299,0.0,0.0,0.0,0.19566335736413465,0.19566335736413465
2025-08-25,38372.71608635299,0.0,38372.71608635299,38332.43515420227,-0.0010497284596711065,-0.0010497284596711065,0.0,0.19440823550972364,0.19440823550972364
2025-08-26,38332.43515420227,0.0,38332.43515420227,38228.18792637085,-0.0027195566212284694,-0.0027195566212284694,0.0,0.19115997468439327,0.19115997468439327
2025-08-27,38228.18792637085,0.0,38228.18792637085,38467.41170604278,0.006257784965708835,0.006257784965708835,0.0,0.1986139976657273,0.1986139976657273
2025-08-28,38467.41170604278,0.0,38467.41170604278,38428.80682123231,-0.0010035737549871637,-0.0010035737549871637,0.0,0.19741110011530982,0.19741110011530982
2025-08-29,38428.80682123231,0.0,38428.80682123231,38506.25180052979,0.0020152845144982834,0.0020152845144982834,0.0,0.1998242241628605,0.1998242241628605
2025-08-30,38506.25180052979,0.0,38506.25180052979,38506.25180052979,0.0,0.0,0.0,0.1998242241628605,0.1998242241628605
2025-08-31,38506.25180052979,0.0,38506.25180052979,38506.25180052979,0.0,0.0,0.0,0.1998242241628605,0.1998242241628605
2025-09-01,38506.25180052979,0.0,38506.25180052979,38653.35317270985,0.00382019452171245,0.00382019452171245,0.0,0.2044077860910254,0.2044077860910254
2025-09-02,38653.35317270985,0.0,38653.35317270985,38308.11142164389,-0.008931741303875085,-0.008931741303875085,0.0,0.1936503273212875,0.1936503273212875
2025-09-03,38308.11142164389,0.0,38308.11142164389,39394.031031429215,0.028346988913992455,0.028346988913992455,0.0,0.2274867199170476,0.2274867199170476
2025-09-04,39394.031031429215,0.0,39394.031031429215,39704.29284616181,0.007875858514835965,0.007875858514835965,0.0,0.23715423165195437,0.23715423165195437
2025-09-05,39704.29284616181,0.0,39704.29284616181,39723.18061754751,0.00047571106376032013,0.00047571106376032013,0.0,0.237742759607529,0.237742759607529
2025-09-06,39723.18061754751,0.0,39723.18061754751,39723.18061754751,0.0,0.0,0.0,0.237742759607529,0.237742759607529
2025-09-07,39723.18061754751,0.0,39723.18061754751,39723.18061754751,0.0,0.0,0.0,0.237742759607529,0.237742759607529
2025-09-08,39723.18061754751,0.0,39723.18061754751,39382.2380201255,-0.008582963199865179,-0.008582963199865179,0.0,0.2271192590509179,0.2271192590509179
2025-09-09,39382.2380201255,0.0,39382.2380201255,39614.98647825892,0.005909985562894571,0.005909985562894571,0.0,0.2343715161558586,0.2343715161558586
2025-09-10,39614.98647825892,0.0,39614.98647825892,39253.521121428494,-0.00912445993207145,-0.00912445993207145,0.0,0.22310854271540426,0.22310854271540426
2025-09-11,39253.521121428494,0.0,39253.521121428494,39650.04415693315,0.010101591505078833,0.010101591505078833,0.0,0.23546388558028752,0.23546388558028752
2025-09-12,39650.04415693315,0.0,39650.04415693315,39306.36087407648,-0.008667916774477868,-0.008667916774477868,0.0,0.22475498744220457,0.22475498744220457
2025-09-13,39306.36087407648,0.0,39306.36087407648,39306.36087407648,0.0,0.0,0.0,0.22475498744220457,0.22475498744220457
2025-09-14,39306.36087407648,0.0,39306.36087407648,39306.36087407648,0.0,0.0,0.0,0.22475498744220457,0.22475498744220457
2025-09-15,39306.36087407648,0.0,39306.36087407648,39790.80458959429,0.012324817274989908,0.012324817274989908,0.0,0.23984986886906223,0.23984986886906223
2025-09-16,39790.80458959429,0.0,39790.80458959429,39601.14109790664,-0.004766515621984935,-0.004766515621984935,0.0,0.23394010510018193,0.23394010510018193
2025-09-17,39601.14109790664,0.0,39601.14109790664,39782.26760226493,0.004573769829270491,0.004573769829270491,0.0,0.23958386312401592,0.23958386312401592
2025-09-18,39782.26760226493,0.01,39782.277602264934,39976.51488013574,0.00488250772901333,0.00488250772901333,0.0,0.24563614091647912,0.24563614091647912
2025-09-19,39976.51488013574,0.01,39976.524880135745,40376.20246613256,0.009997807142946957,0.009997807142946957,0.0,0.2580897708236467,0.2580897708236467
2025-09-20,40376.20246613256,0.009999999999999998,40376.212466132565,40376.20246613256,-2.476705810439128e-07,-2.476705810439128e-07,0.0,0.25808945923182214,0.25808945923182214
2025-09-21,40376.20246613256,0.010000000000000002,40376.212466132565,40376.20246613256,-2.476705810439128e-07,-2.476705810439128e-07,0.0,0.25808914764007485,0.25808914764007485
2025-09-22,40376.20246613256,0.010000000000000002,40376.212466132565,40129.85777818232,-0.006101480869630582,-0.006101480869630582,0.0,0.250412940773459,0.250412940773459
2025-09-23,40129.85777818232,0.0,40129.85777818232,39897.27639199076,-0.005795719174415015,-0.005795719174415015,0.0,0.24316589851668158,0.24316589851668158
2025-09-24,39897.27639199076,0.010000000000000002,39897.28639199076,39509.92462322509,-0.009708975316262025,-0.009708975316262025,0.0,0.23109603149396452,0.23109603149396452
2025-09-25,39509.92462322509,0.010000000000000002,39509.93462322509,39463.0188965425,-0.0011874412633174902,-0.0011874412633174902,0.0,0.22963417726706226,0.22963417726706226
2025-09-26,39463.0188965425,0.009999999999999995,39463.0288965425,39470.65038647933,0.00019312987750663702,0.00019312987750663702,0.0,0.22987165636509577,0.22987165636509577
2025-09-27,39470.65038647933,0.009999999999999995,39470.66038647933,39470.65038647933,-2.5335274111970563e-07,-2.5335274111970563e-07,0.0,0.22987134477374038,0.22987134477374038
2025-09-28,39470.65038647933,0.0,39470.65038647933,39470.65038647933,0.0,0.0,0.0,0.22987134477374038,0.22987134477374038
2025-09-29,39470.65038647933,0.009999999999999995,39470.66038647933,39168.45492363952,-0.007656458237099373,-0.007656458237099373,0.0,0.22045488618547493,0.22045488618547493
2025-09-30,39168.45492363952,250.01,39418.46492363952,39138.21021801025,-0.007109731598431646,-0.007109731598431646,0.0,0.21177777951670174,0.21177777951670174
2025-10-01,39138.21021801025,0.03999999999999204,39138.25021801025,39186.53731556366,0.0012337571885416843,0.0012337571885416843,0.0,0.21327281906309548,0.21327281906309548
2025-10-02,39186.53731556366,0.0,39186.53731556366,39367.17852832763,0.004609777365866652,0.004609777365866652,0.0,0.21886573664303377,0.21886573664303377
2025-10-03,39367.17852832763,0.0,39367.17852832763,39523.509173759456,0.003971090925892318,0.003971090925892318,0.0,0.22370596330969805,0.22370596330969805
2025-10-04,39523.509173759456,0.009999999999990905,39523.51917375946,39523.509173759456,-2.5301390693677206e-07,-2.5301390693677206e-07,0.0,0.22370565369507123,0.22370565369507123
2025-10-05,39523.509173759456,500.01,40023.51917375946,39523.509173759456,-0.012492904430248641,-0.012492904430248641,0.0,0.2084180159127038,0.2084180159127038
2025-10-06,39523.509173759456,0.05999999999994543,39523.56917375945,40193.84317970215,0.01695884303859141,0.01695884303859141,0.0,0.2289113873695734,0.2289113873695734
2025-10-07,40193.84317970215,0.01999999999998181,40193.863179702144,40008.864180395656,-0.004602667787352965,-0.004602667787352965,0.0,0.22325511651341623,0.22325511651341623
2025-10-08,40008.864180395656,0.01999999999998181,40008.88418039565,40292.46226499023,0.007087877865225023,0.007087877865225023,0.0,0.23192539937727497,0.23192539937727497
2025-10-09,40292.46226499023,0.0,40292.46226499023,40073.43482977814,-0.0054359406921229425,-0.0054359406921229425,0.0,0.22522872596914012,0.22522872596914012
2025-10-10,40073.43482977814,0.0,40073.43482977814,39605.0847905,-0.011687294619679434,-0.011687294619679434,0.0,0.21090911687224434,0.21090911687224434
2025-10-11,39605.0847905,0.009999999999990905,39605.0947905,39653.056567111205,0.0012110001721978847,0.0012110001721978847,0.0,0.21237552802129267,0.21237552802129267
2025-10-12,39653.056567111205,0.0,39653.056567111205,39653.056567111205,0.0,0.0,0.0,0.21237552802129267,0.21237552802129267
